,Assortativity,Average clustering coefficient,Average shortest path length,Average square clustering,Degree (min),Degree (max),Degree (avg),Degree (std),Degree (med),Density,Edge betweenness centrality (min),Edge betweenness centrality (max),Edge betweenness centrality (avg),Edge betweenness centrality (std),Edge betweenness centrality (med),Eccentricity (min),Eccentricity (max),Eccentricity (avg),Eccentricity (std),Eccentricity (med),Fraction of nodes in the barycenter,Fraction of nodes in the center,Fraction of nodes in the periphery,Global efficiency,Local efficiency (min),Local efficiency (max),Local efficiency (avg),Local efficiency (std),Local efficiency (med),Modularity,Node betweenness centrality (min),Node betweenness centrality (max),Node betweenness centrality (avg),Node betweenness centrality (std),Node betweenness centrality (med),Node strength (min),Node strength (max),Node strength (avg),Node strength (std),Node strength (med),Rich club coefficient (min),Rich club coefficient (max),Rich club coefficient (avg),Rich club coefficient (std),Rich club coefficient (med),Transitivity
signf_corr_before_Glut_Test2_Week_6_2022_08_25_14_23_52_FluoSZ9322_CS2A1S_stack_SZ_ts,0.2004639851704148,0.49678961104163544,0.005387486949487172,0.4023553401104233,0.0,0.30857142857142855,0.14017959183673467,0.09875429557978845,0.14285714285714285,0.14058125255832993,0.0,0.0453602236284749,0.00030507836677077333,0.001221887744069913,3.429884584383736e-05,0.009123193055820445,0.0163972494551393,0.011705027070615503,0.001169021421510447,0.011686808326394765,0.0029239766081871343,0.0029239766081871343,0.005847953216374269,0.4455514102491447,0.0,1.3053115030556999,0.8594366912768977,0.3197312459392061,0.9724268783393375,0.4905537912209938,0.0,0.07521131619803346,0.00476294957968782,0.009987203408261343,0.0010436432637571159,0.0,96.57931951659955,42.15015124455164,30.936547747311973,42.40259979246785,0.14724494520759376,1.0,0.4441535009990752,0.20715070250675427,0.41016464965146465,0.6972327438538928
signf_corr_before_Glut_Test2_Week_2_2022_08_03_16_10_31_FluoSZ9322_CS2A2S_stack_SZ_ts,0.313526599116811,0.31673188129870433,0.003741481036543994,0.19276584394662444,0.0,0.17234848484848486,0.05412075298438935,0.04548912969942053,0.041666666666666664,0.05422344891035593,0.0,0.009768749320536117,0.000373093711115335,0.0006907064184440336,0.0001164795228998742,0.005946889290501481,0.010088787781123688,0.007546346196502133,0.0007424409506210234,0.00746491132905122,0.001968503937007874,0.001968503937007874,0.003937007874015748,0.37712269414063315,0.0,1.7819070586717929,0.7823648331886928,0.33612867385462075,0.8897697042622325,0.4732908059546826,0.0,0.028813995369179314,0.003586203471648393,0.005143355366312836,0.0014071769924612733,0.0,83.31783069023031,22.80414110625434,20.344426128725946,16.912444699433358,0.05858143471711007,1.0,0.389284353114566,0.2702875544512873,0.3256960273902932,0.4741443189103231
signf_corr_before_Glut_Test2_Week_2_2022_09_02_10_37_23_FluoSZ17228_CS3A1S1_stack_SZ_ts,0.20168755395453786,0.39507874820545363,0.0022455068514300614,0.23787770923503423,0.0,0.22265625,0.06860012478298612,0.05227468614250721,0.059895833333333336,0.06868956431986092,3.4309319097253195e-06,0.006312914713894588,0.00012833713613127494,0.0002982747534121121,2.4016523368077238e-05,0.0032702385282148286,0.0051082235003137594,0.003985040372630969,0.0003339526878570316,0.003953810188420241,0.0013089005235602095,0.0013089005235602095,0.0013089005235602095,0.4299001000488048,0.0,1.3521730574945454,0.9394153388250146,0.22346139023380227,0.9788471017487488,0.48367943078334197,0.0,0.03329171009587104,0.002094998164136251,0.004020692657592704,0.00047127136630856925,0.0,142.1781433000161,41.95914222955846,33.23124327630971,34.99611315990109,0.06941118346565293,1.0,0.39366324836812683,0.26861171086949476,0.34094549598911045,0.4880010333060989
signf_corr_before_Glut_Test2_Week_2_2022_09_01_13_28_02_FluoSZ17228_CS2A1S1_stack_SZ_ts,-0.16364958990716688,0.5458694263013112,0.0023092069343721047,0.418357448379661,0.0,0.3169267707082833,0.09953753410127558,0.08999817089470875,0.08043217286914765,0.0996571705605319,3.105561128312469e-06,0.027083598600013043,7.504164817453876e-05,0.0004575294554758434,3.105561128312469e-06,0.003395084032151698,0.005317579495079337,0.004113837506727604,0.0002940262658927654,0.004073482567406347,0.0012453300124533001,0.0012453300124533001,0.0024906600249066002,0.42087464793662344,0.0,1.535332812093633,0.904647177453753,0.29619769618671754,1.0046496431475798,0.4962057545538651,0.0,0.09471327922391275,0.001986876751634858,0.007795676648452864,3.424646872207745e-05,0.0,231.5693057190414,73.20085597700425,67.02557337010398,58.5256037630125,0.10724744800514281,0.5493506493506494,0.3978520143032549,0.11647214883896807,0.4512094395280236,0.6113237394597121
signf_corr_before_Glut_Test2_Week_6_2022_09_30_10_53_21_FluoSZ17228_CS4A1S1_stack_SZ_ts,0.33909163634114514,0.2732230728222428,0.006111473602169019,0.1321040477557019,0.0,0.18377088305489261,0.03169268801157433,0.032159089217024615,0.021479713603818614,0.03176850783935321,1.3251000450534015e-05,0.020406540693822382,0.0011809829074673347,0.0015696420428900064,0.0006360480216256327,0.009359449831657748,0.017284275122590217,0.012779813980224436,0.0015933367193473739,0.012867506186835477,0.002570694087403599,0.002570694087403599,0.002570694087403599,0.30364506043457135,0.0,1.5483077071498181,0.6335026979742397,0.384053938853783,0.7448467195318769,0.4737818332542847,0.0,0.04977490076986601,0.005902618774332449,0.006990240636477588,0.003369828711473401,0.0,72.02191778936418,10.562360193089336,11.777164139571349,6.799037727900714,0.03648763853367434,1.0,0.5964310748283125,0.3554207752445441,0.7317460317460317,0.41368994030388234
signf_corr_before_Glut_Test2_Week_2_2022_09_02_14_09_30_FluoSZ17228_CS4A1S1_stack_SZ_ts,0.2157480488364028,0.30938113882134227,0.00512228252981365,0.13125916640012103,0.0,0.11708253358925144,0.025825133270213414,0.02242333335676154,0.019193857965451054,0.02587479698804075,8.698677800974252e-06,0.011090814196242171,0.0009434551674665577,0.0011213968532683687,0.0005567153792623522,0.006945270371323689,0.010379080663922511,0.008459934141836116,0.0005741196653023759,0.008430751358889904,0.0020833333333333333,0.0020833333333333333,0.004166666666666667,0.2899119051133231,0.0,1.7003249233349513,0.7073919546196383,0.3632049568206849,0.7928062443193417,0.5368736561561224,0.0,0.035097527100566905,0.0048220155891952965,0.005364425389753575,0.0029699251404163136,0.0,53.55353366946445,10.792342220470566,10.113775769237426,7.875760364847749,0.0,0.5,0.22760956289520598,0.16591001553617882,0.18827838827838828,0.3557973942026058
signf_corr_before_Glut_Test2_Week_6_2022_08_25_11_53_52_FluoSZ9322_CS1A1S_stack_SZ_ts,0.20166405468339585,0.4936154621736228,0.003506669984657179,0.3815565532521513,0.0,0.2851851851851852,0.11205075445816184,0.08956082375723891,0.09444444444444444,0.1122586408300694,0.0,0.04776444929116685,0.00016277342052627584,0.0006941253815427388,1.4540167211922937e-05,0.005439233221760653,0.009730213384363222,0.0069928343180365345,0.0008081724745922567,0.006851987243639721,0.0019047619047619048,0.0019047619047619048,0.0038095238095238095,0.424331540215194,0.0,1.4583748421402396,0.8913489230500675,0.3022752234502345,1.0026657119391582,0.4931248283735013,0.0,0.06395136689387416,0.0031725226981601687,0.0072321563962830186,0.0005984265759782816,0.0,135.00182027545338,51.758236636085115,43.01490576600369,38.73412864786061,0.11877135587059251,1.0,0.4567517918152188,0.23120291409887786,0.409484126984127,0.6785151522142954
signf_corr_before_Glut_Test2_Week_2_2022_08_05_10_38_47_FluoSZ9322_CS3A2S_stack_SZ_ts,0.43352907730957385,0.3495535951742002,0.003748034769377219,0.18619444527502949,0.0,0.16417910447761194,0.04487237664634264,0.04122892032138613,0.03150912106135987,0.04494691547798108,5.914674899894127e-06,0.008079445913255377,0.00037201180565049434,0.0006545813757465041,0.00013603752269756493,0.005365331624454107,0.008640256193749002,0.006533113210748403,0.0004665359521089606,0.006523588425412575,0.001718213058419244,0.001718213058419244,0.003436426116838488,0.3524277507670849,0.0,1.7182430992562356,0.7829286095906804,0.3024367333098106,0.8545523620998896,0.48433364715886534,0.0,0.02507567214671494,0.00350775913567428,0.003801919367344769,0.002231586444299365,0.0,91.44688113529827,22.48198341432627,22.760238183510072,14.224665506926677,0.04792170868676426,1.0,0.474394331357661,0.3140960797721465,0.4330805854346676,0.4966510415361091
signf_corr_before_Glut_Test2_Week_6_2022_09_27_12_01_06_FluoSZ17012_CS1A1S1_stack_SZ_ts,-0.002625001912352063,0.3629034210960125,0.0031646590590896427,0.20587859596371985,0.0,0.28065395095367845,0.03944642843884801,0.05442023291079557,0.017711171662125342,0.03950024348446718,4.967833279515139e-06,0.006964902257880225,0.00026997613978898394,0.0004990400612520467,8.445316575175737e-05,0.004367672841953232,0.007886129966898348,0.005717843354098681,0.0005878521306476736,0.005561191597955798,0.0015748031496062992,0.0015748031496062992,0.0031496062992125984,0.29857818701346345,0.0,1.7803707798997634,0.7545488864142913,0.4295977325983318,0.9147583288217451,0.31204953614524084,0.0,0.026916042479604906,0.0029518111931405287,0.0037330534976815818,0.0015349270660467156,0.0,179.34037773527177,23.293194231286318,34.425436489069725,8.911958655762067,0.052456976985278875,1.0,0.7325380614524473,0.31545436268037336,0.8926919518963923,0.4324273798274655
signf_corr_before_Glut_Test2_Week_2_2022_09_02_15_50_25_FluoSZ17012_CS4A1S1_stack_SZ_ts,0.4501429831282621,0.3837855715139984,0.003995674138040765,0.22064697287750218,0.0,0.1858108108108108,0.04932888970051132,0.04219796991410733,0.03631756756756757,0.0494123565189555,6.232043923445572e-06,0.011828419366699696,0.00035952491246004205,0.0006994831406455698,9.971270277512916e-05,0.006291065876013556,0.010537195660886612,0.007583030738209522,0.0005569656851358778,0.007573178188431161,0.001763668430335097,0.001763668430335097,0.003527336860670194,0.34224187022345276,0.0,1.5278679312781704,0.7931733108515857,0.2956909570735695,0.877429344510231,0.5208115621850128,0.0,0.028462428468682573,0.0037305014925745205,0.00402227093009229,0.002470371181087589,0.0,100.21824524980303,24.62903000222366,23.05882152277826,17.076966800678647,0.05386978767426353,1.0,0.4683239991911758,0.3278375121323243,0.39869192084492505,0.538438201565439
signf_corr_before_Glut_Test2_Week_2_2022_09_01_12_12_05_FluoSZ17012_CS1A1S1_stack_SZ_ts,0.26451611701997385,0.32235176903329715,0.0044474574525650975,0.148805586280323,0.0,0.10175438596491228,0.027263773468759616,0.02379737359307698,0.01929824561403509,0.027311688712114205,6.696533204759896e-06,0.013038150149667518,0.0007536994237166734,0.0009817697111757589,0.00040848852549035363,0.006194008004619937,0.009673115877801215,0.007636699717129317,0.0006069329171502288,0.007582890797042212,0.0018281535648994515,0.0018281535648994515,0.0018281535648994515,0.3122370219627162,0.0,1.5968061771908333,0.7345593484961762,0.3427547050667644,0.8308487683074934,0.5596349879781823,0.0,0.030352522095641363,0.004290155500258984,0.004667439389035681,0.0029640084685956247,0.0,54.63340791885588,12.389777053938792,11.74362368627941,8.205608740382683,0.02965894556388158,0.6666666666666666,0.249839304501079,0.16628347799538284,0.2259327973613688,0.3876906485903559
signf_corr_before_Glut_Test2_Week_6_2022_09_28_13_20_34_FluoSZ17012_CS4A1S1_stack_SZ_ts,0.12582081697675182,0.27551987625166735,0.0036606180004293467,0.1718283326137051,0.0,0.21579961464354527,0.04659917359974161,0.043134956071971785,0.03468208092485549,0.046689133394335704,0.0,0.01197575874640848,0.00044240094616338616,0.0007983997475870994,0.00013681982438773128,0.005246361186202963,0.00897682992254145,0.006518116686669318,0.0005938239775994539,0.006428047472281018,0.002004008016032064,0.002004008016032064,0.004008016032064128,0.3778915992783759,0.0,1.8290895917408032,0.7365132623872509,0.37934792107071447,0.8512229142250749,0.4419497546615665,0.0,0.05767940979208585,0.0035726831714870916,0.0073263867519806096,0.0006787714237230612,0.0,94.96856030010164,19.30476103999143,18.61846728140747,14.171223889088926,0.0,0.9393939393939394,0.41118454788794967,0.29810470061717165,0.3305879661404713,0.36153720537804146
signf_corr_before_Glut_Test2_Week_2_2022_09_01_14_27_51_FluoSZ17012_CS2A1S1_stack_SZ_ts,0.19894186858885368,0.3767171453997576,0.0042681125901400515,0.20463211404577428,0.0,0.1992619926199262,0.043756212469873774,0.04039748026886146,0.033210332103321034,0.04383709271473491,7.526153383005945e-06,0.014149168360051177,0.000473118335476712,0.0007857245808392216,0.0001806276811921427,0.006369895582825914,0.009470982411586986,0.007474860414471611,0.0005594147512983354,0.007395455790680662,0.001937984496124031,0.001937984496124031,0.003875968992248062,0.3424557892260381,0.0,1.7549726935663885,0.8133908779937172,0.3374319513422527,0.8861054715253034,0.5234505170222874,0.0,0.02639114502663292,0.003970294829005502,0.004405756034123167,0.0024215178874995276,0.0,102.78751873303169,19.239952726838553,19.49989664999836,13.20657097684328,0.04837058779257921,1.0,0.540841646951835,0.3577735620227621,0.4888888888888889,0.45098671692369025
signf_corr_before_Glut_Test2_Week_6_2022_09_29_15_03_02_FluoSZ17228_CS3A1S1_stack_SZ_ts,0.2605606805876537,0.36572800754194995,0.005184906693500042,0.23397782432939673,0.0,0.19550561797752808,0.057285696250473424,0.05144510017848034,0.038202247191011236,0.05741471808887539,1.120410518413947e-05,0.028144712222558346,0.0005526654021040362,0.0012886301677268884,0.00013444926220967362,0.007950186471332842,0.014823036191462031,0.010512140304506421,0.0011997487025111242,0.010433327182782982,0.002364066193853428,0.002364066193853428,0.004728132387706856,0.34245462958958633,0.0,1.571416522895919,0.780271096408272,0.34176415914233754,0.8996480855998537,0.5127462564584374,0.0,0.049138251286150104,0.005070589455425398,0.007217491377494645,0.002364039580776981,0.0,74.50278419190406,20.916065331944147,19.994505157340498,13.035310038453801,0.0,0.543859649122807,0.3301510921240961,0.15659815199964974,0.3670986093552465,0.5192854068015497
signf_corr_before_Glut_Test2_Week_2_2022_09_02_13_03_28_FluoSZ17012_CS3A1S1_stack_SZ_ts,0.3493419782841162,0.3356375435203423,0.006020879242205185,0.17902213412066997,0.0,0.1360544217687075,0.035448192882595216,0.029617256955674895,0.027210884353741496,0.035528756957328385,1.1584800741427247e-05,0.01953197405004634,0.000988288391747265,0.0015941484828568971,0.00040546802594995364,0.008418328349001698,0.012461438396687828,0.01033939897425798,0.000722861468818425,0.010350975749539193,0.002403846153846154,0.002403846153846154,0.004807692307692308,0.30365724789202453,0.0,1.454611420231586,0.7037948974098863,0.35900351751849086,0.8176999657378304,0.5963667205017031,0.0,0.04934520691461498,0.005810728980582307,0.0068652478881888555,0.0030615214481112857,0.0,51.06312892112586,12.734659894978407,11.355553653350825,9.70649592060709,0.03955113421224743,1.0,0.45429866470570635,0.36705501721656547,0.2912709181365898,0.46396002498438477
signf_corr_before_Glut_Test2_Week_6_2022_09_29_11_40_54_FluoSZ17228_CS2A1S1_stack_SZ_ts,0.14624413148035725,0.3509710788171487,0.0028708272516642904,0.1976304924427531,0.0,0.1765601217656012,0.06328289883678637,0.04393879269258595,0.0593607305936073,0.06337936667037904,4.983529435216609e-06,0.009189628278539428,0.00019440252819899554,0.0003919608024696285,5.980235322259931e-05,0.004364916738241714,0.0072362540922441595,0.005223119138486559,0.00041194946093875304,0.005160183734758343,0.0015772870662460567,0.0015772870662460567,0.0015772870662460567,0.40064865859889354,0.0,1.573057834924436,0.8354830471893813,0.28662954030690974,0.8949551453840218,0.4899356711501198,0.0,0.0250364948907153,0.0026189078008574066,0.0035912055047608383,0.0012198292239086529,0.0,102.78178144567535,33.98639736264828,24.76674380202476,31.14690903122997,0.06806504502618844,0.75,0.2824397125769587,0.17173818156194584,0.2363005387736502,0.4461769615220169
signf_corr_before_Glut_Test2_Week_2_2022_09_01_10_51_35_FluoSZ17228_CS1A1S1_stack_SZ_ts,-0.18790743495789547,0.5427006640638818,0.002845873308737812,0.42283512003824497,0.0,0.32386363636363635,0.10257941632231406,0.09272675328499708,0.08309659090909091,0.10272533298849089,4.461994957945698e-06,0.04087187381478259,0.00010513334264700182,0.0005948225945325748,4.461994957945698e-06,0.004282498201243229,0.006686931028567708,0.005194078360520242,0.00042914934342386875,0.0052975364270566915,0.0014925373134328358,0.0014925373134328358,0.0014925373134328358,0.4034769817671621,0.0,1.4350756890750684,0.8935392667184778,0.3255667018830558,1.010964748855291,0.49594985715190465,0.0,0.09466716790633979,0.0025037269013275234,0.009211665558454514,5.370425069144223e-05,0.0,204.1713968888773,63.33717261183419,58.18583180565487,51.45674652297744,0.11342391183097963,1.0,0.459859155153585,0.21577884121728344,0.44823762829010205,0.6156533544067483
signf_corr_before_Glut_Test2_Week_6_2022_09_27_15_03_44_FluoSZ17012_CS2A1S1_stack_SZ_ts,0.15007953091638268,0.43054010941519605,0.003864420362970444,0.27440124805494326,0.0,0.2775735294117647,0.07178579152249134,0.06005998938555535,0.058823529411764705,0.07191799371682375,7.160451394855932e-06,0.011764621641748296,0.0002648699642072885,0.0005957917142958284,7.160451394855932e-05,0.005465124368681399,0.008787248772378771,0.006710859531138297,0.0004831955000442627,0.006657747739727947,0.001890359168241966,0.001890359168241966,0.001890359168241966,0.3910854696384485,0.0,1.604122730574207,0.8715872702730932,0.30636343289823265,0.9679691472745657,0.5189634978944292,0.0,0.03451497901213271,0.0034410792406258414,0.004252097127309409,0.0021994134897360706,0.0,137.45668118877205,31.60920523239172,28.520004735590863,23.82756206256401,0.0760583147161597,1.0,0.5641860592316067,0.339693136997643,0.5131652661064425,0.5324465151905642
signf_corr_before_Glut_Test2_Week_2_2022_08_05_15_50_04_FluoSZ9322_CS5A1S_stack_SZ_ts,0.4052830819461669,0.45718537474966287,0.004601746546235625,0.3440803063396629,0.0,0.2550335570469799,0.10340875536137012,0.08181642681559503,0.08277404921700224,0.10364061355724762,1.074160006874624e-05,0.042160780269828994,0.00026891226627089336,0.0010712146503623445,3.222480020623872e-05,0.007148796262930844,0.011799137096691843,0.008757083127317038,0.000733002258683109,0.00869718067605561,0.0023148148148148147,0.0023148148148148147,0.004629629629629629,0.40311527104796274,0.0,1.553360160321571,0.819442359783822,0.3080629454695236,0.9387809419631423,0.5089647327369177,0.0,0.06502994658177305,0.004134566768786809,0.009098593565279138,0.0009658447094372201,0.0,104.56458084398326,39.9414534718725,32.88941598996715,28.810289852880466,0.10994987281957408,1.0,0.4082053048773039,0.1947227475073795,0.39491162895418214,0.7060781398675697
signf_corr_before_Glut_Test2_Week_6_2022_09_28_15_56_31_FluoSZ17228_CS1A1S1_stack_SZ_ts,-0.3600972422702528,0.5374826875184525,0.004781347729750096,0.40026513271434394,0.0,0.381294964028777,0.08522678260269483,0.08577688915322934,0.05515587529976019,0.08543165467625899,1.24067939603727e-05,0.09032146003151326,0.00036170769456450586,0.002097233191305716,1.24067939603727e-05,0.006083566514165695,0.011114685446987823,0.008354784439613929,0.0009160888403563711,0.007989319221577555,0.0024875621890547263,0.0024875621890547263,0.0024875621890547263,0.4083929010638941,0.0,1.6152129110255284,0.8509965768178142,0.34491892593844053,0.9847489290059176,0.4908121861346893,0.0,0.26258104738154614,0.00419973077257106,0.02175127004296018,0.0,0.0,122.77604150379612,32.1478729170486,32.16027819094137,20.169212264165903,0.0,0.49166666666666664,0.38337822095455215,0.10483369429522112,0.43394437420986093,0.5310782346177614
signf_corr_before_Glut_Test2_Week_6_2022_08_26_11_13_17_FluoSZ9322_CS3A1S_stack_SZ_ts,-0.22644547640050466,0.5957945384918033,0.0035160941429723154,0.5084265614321237,0.0,0.36607142857142855,0.1383290816326531,0.11254228851982286,0.12678571428571428,0.13857653973933043,0.0,0.0693460073932016,0.0001248951622578977,0.001060164759077553,6.948497734789739e-06,0.005420284927537441,0.00926063459876518,0.006842774540143278,0.0006539641218371414,0.006878040178766519,0.00186219739292365,0.00186219739292365,0.00186219739292365,0.4237442499356671,0.0,1.5937659038819865,0.8886448404978117,0.32857651865089893,1.013514175526261,0.497739404309068,0.0,0.17544287906263076,0.0031943477932220585,0.01439804985887325,0.0,0.0,189.80979837686556,70.37436908611798,58.142800224359476,63.47156573868171,0.15071291586758942,1.0,0.46765344310384477,0.1854429992262536,0.47625973854638576,0.6948690314891799
signf_corr_before_Glut_Test2_Week_2_2022_08_03_11_34_02_FluoSZ9322_CS1A1S_stack_SZ_ts,0.1612565386694408,0.3854919197422926,0.00215885432107322,0.23785055971183694,0.0,0.22031662269129287,0.08700510299983989,0.05281559598389717,0.08575197889182058,0.08712003708570493,0.0,0.008644202478362648,9.809319637266802e-05,0.0002465447418901099,1.7896899541123497e-05,0.003209956362572871,0.005596437189726664,0.003989686016247149,0.00033919338812567884,0.0039326089258113475,0.001336898395721925,0.001336898395721925,0.00267379679144385,0.4530366244588479,0.0,1.4045376459038594,0.9159023468394663,0.21378023495113088,0.957009535643484,0.5000668509452566,0.0,0.03207826839081079,0.001946165473639191,0.0035558373580153453,0.00048810074973710746,0.0,152.21748246479567,54.071662363082325,34.29054812367804,52.09328413123769,0.08946660080607635,1.0,0.3324810244863158,0.22073680148036126,0.26572725449545365,0.4819558376590194
signf_corr_before_Glut_Test2_Week_6_2022_09_28_10_15_20_FluoSZ17012_CS3A1S1_stack_SZ_ts,0.5131676738474467,0.47062471413982576,0.006166429691737266,0.3202238657194059,0.0,0.17880794701986755,0.06155675433338694,0.052995361775953626,0.046357615894039736,0.061692941842974074,1.0593781450288681e-05,0.047513109804544734,0.0005454556250211968,0.0017506646457528439,6.356268870173209e-05,0.007894433627706744,0.012860768683404317,0.010476803868899742,0.000846405033458561,0.01055678290754105,0.0022988505747126436,0.0022988505747126436,0.004597701149425287,0.32469703777505643,0.0,1.3426225774193223,0.8086683976875418,0.3175432800624573,0.928300073839257,0.6347865880749769,0.0,0.06836879130703163,0.005646876969131359,0.00995267500066622,0.0017560477219271825,0.0,74.56370155011892,24.307356071648258,22.156828356705404,16.956747590614103,0.0669103236400233,0.7948717948717948,0.3667443570334574,0.21226790195940715,0.3244431125761662,0.6871774553348472
signf_corr_before_Glut_Test2_Week_6_2022_08_26_15_05_48_FluoSZ9322_CS4A1S_stack_SZ_ts,0.06310391512562667,0.5403490411484769,0.008974683343682092,0.4767871805876803,0.0,0.32905982905982906,0.15914237709109505,0.11482203303972212,0.17307692307692307,0.15982539158504824,3.89848348992242e-05,0.10264707028965733,0.0006208046396552613,0.002831098006185945,3.89848348992242e-05,0.013630495339632261,0.02458252111825121,0.01822318172463593,0.001651227309161731,0.01825770845344548,0.004405286343612335,0.004405286343612335,0.00881057268722467,0.43984516516701455,0.0,1.4159925199687426,0.7896767389571819,0.3898464634007956,0.988650064193779,0.49596083423007487,0.0,0.14521140609636185,0.007577092511013215,0.020380612854634227,0.00035398230088495576,0.0,70.50968220156739,33.385760188062136,24.550747258978678,35.44994229875807,0.0,0.6666666666666666,0.40294025744147466,0.10058938700270545,0.42343940878357944,0.7558859208278662
signf_corr_before_Glut_Test2_Week_2_2022_08_05_11_47_47_Fluo9001_CS1A1S1_stack_CTL_ts,0.36537821438011064,0.35243513679873845,0.0043211152102835375,0.1822193101813464,0.0,0.15918367346938775,0.050687213660974596,0.03402482737245487,0.044897959183673466,0.05079086849463712,8.808554868488276e-06,0.010605500061659884,0.0004815425384895112,0.0007833149959479805,0.00019378820710674207,0.006881167726490527,0.010479634214146254,0.00816010126312447,0.0006466221573274502,0.008079903824791719,0.0020964360587002098,0.0020964360587002098,0.0020964360587002098,0.36923866362176877,0.0,1.6399312239079717,0.8265876025323873,0.27751104563285783,0.8863025570854399,0.5246190853823719,0.0,0.029429455992923483,0.00406152265606673,0.0047426841948778505,0.0025386996904024767,0.0,67.4609340925127,20.147570296025624,14.47499584336073,17.1597843198288,0.05271136521136521,1.0,0.3417723511210558,0.29586483829130494,0.25291785001097755,0.4575011611704598
signf_corr_before_Glut_Week_6_2022_09_28_11_38_52_Fluo5439_CS3A1S1_stack_CTL_ts,0.21461569961929153,0.28340121108165023,0.0027747117432940505,0.15720006318825763,0.0,0.2241169305724726,0.03019994332688961,0.04217749855909643,0.012180267965895249,0.030236772526068743,3.598610936178635e-06,0.008021303776742178,0.00031636360916789934,0.0005641247120948723,8.996527340446588e-05,0.0045284109514836905,0.008214527260774136,0.005835978138605324,0.000681788421335968,0.005630938085133366,0.0013404825737265416,0.0013404825737265416,0.0013404825737265416,0.29430036786087715,0.0,1.695147655325441,0.7362408870229822,0.4384026662694887,0.9207921043446156,0.34474981648294745,0.0,0.018838854008804213,0.002981250850075097,0.0032329205051988006,0.0020495056650068556,0.0,147.61863712881544,18.322756792666272,27.589695044401953,6.166361477570782,0.03547540457924804,1.0,0.7220258167678091,0.32525690625224163,0.9130952380952382,0.4727253168917714
signf_corr_before_Glut_Test2_Week_2_2022_09_09_10_30_45_Fluo9062_CS3A1S1_stack_CTL_ts,0.2472292867931677,0.32215417916022754,0.005015475041459697,0.16352201528414295,0.0,0.21747967479674796,0.03782470751536784,0.04307194728772414,0.022357723577235773,0.03790174357955392,1.0448993239501375e-05,0.025088032768042803,0.0006607240633291962,0.0010867335615244154,0.0002925718107060385,0.007276532133495018,0.01341129435323311,0.009283346486071412,0.0008761593914690217,0.009124088703864608,0.00228310502283105,0.00228310502283105,0.0045662100456621,0.3027303766152302,0.0,1.8434688552935514,0.6705704739850572,0.39011605281073874,0.8022575853518424,0.389832075351397,0.0,0.057649108811118344,0.004637962994650787,0.0058075001064437064,0.0026347280246887665,0.0,99.49694874288951,15.559821955200233,19.416293501856387,7.809136079401273,0.046132916813624227,1.0,0.6308442869887556,0.347714410301461,0.7194943426029061,0.43358626825056257
signf_corr_before_Glut_Test2_Week_2_2022_08_05_17_03_14_Fluo9001_CS4A1S1_stack_CTL_ts,0.36734177282435926,0.5415102281936292,0.006255390645847179,0.4199712739231075,0.0,0.31142857142857144,0.13492244897959185,0.09638051617612181,0.13857142857142857,0.135309046254605,1.665806000233213e-05,0.06426679548899736,0.000340079213348676,0.0015149346444735994,3.331612000466426e-05,0.008126770740519852,0.014137021170365496,0.011350419537114683,0.000828203528505274,0.011402214412432598,0.002881844380403458,0.002881844380403458,0.005763688760806916,0.4333396097695548,0.0,1.2624089465392356,0.855426142102331,0.25872483908747723,0.9382084138047643,0.5067322296858755,0.0,0.14546368434279972,0.005247578606125965,0.013401941305071325,0.0011728239926279635,0.0,99.94393424158066,42.26795937038829,31.279907374637535,40.068258369520485,0.13766220785927272,1.0,0.5097918019770605,0.2772709075441634,0.434083850931677,0.7472290719864814
signf_corr_before_Glut_Test2_Week_2_2022_09_09_13_45_10_Fluo9062_CS4A1S1_stack_CTL_ts,0.29144478360089837,0.3399721523098646,0.003986379265039628,0.17388617088297167,0.0,0.1824561403508772,0.039285934133579566,0.03648924308072086,0.02982456140350877,0.039354977954552464,7.000595050579299e-06,0.009989849137176661,0.00046550281801378287,0.0007305351317473746,0.000210017851517379,0.005902968085742154,0.008660972705165458,0.006901795565088293,0.00047898217384387113,0.006860503090411011,0.001869158878504673,0.001869158878504673,0.003738317757009346,0.337274865546417,0.0,1.7024904780861128,0.76102932146157,0.33694813058770173,0.8614426209179966,0.46691087995974156,0.0,0.030847931642669926,0.003696760753744744,0.004369843787379021,0.0023821067942745113,0.0,100.03031990552611,18.31537343016872,18.673658060416475,12.832113824215353,0.04434531254342811,1.0,0.5556000533065536,0.3724574170829059,0.5680434912191923,0.41950742632370996
signf_corr_before_Glut_Test2_Week_2_2022_09_08_12_25_59_Fluo9062_CS1A1S1_stack_CTL_ts,0.34161156110117036,0.3011245329486779,0.004515707568664719,0.14855182798276406,0.0,0.10408921933085502,0.03329832368264673,0.024964079444660572,0.027881040892193308,0.03336033173419728,7.353968569138336e-06,0.011450129062148389,0.000678731452848916,0.0009646111743759294,0.0003235746170420868,0.007218605555464844,0.012313449700308943,0.008804318261318427,0.0007600843333816103,0.00867813766296002,0.0019157088122605363,0.0019157088122605363,0.0019157088122605363,0.3274894816665545,0.0,1.3469209664253317,0.7332743219868748,0.327949627491832,0.8343754736684326,0.5621890953988777,0.0,0.031610807618485164,0.004364325785333132,0.004584518737821799,0.0030820906540676212,0.0,50.14598139184311,14.175387255150378,11.434643591246852,11.24992069901869,0.0,0.6,0.19996711140722692,0.13846132870564976,0.17421640188922285,0.417444668317517
signf_corr_before_Glut_Week_6_2022_09_27_13_52_29_Fluo5439_CS2A1S1_stack_CTL_ts,0.15805472942610627,0.256522654216582,0.005811126404349611,0.12396273407731993,0.0,0.19305019305019305,0.023106393762764417,0.03296721535608318,0.011583011583011582,0.023151086980874216,1.0994931336653802e-05,0.023441193609745906,0.0011058343137739187,0.001748946114401676,0.0005167617728227287,0.009712008043620293,0.01843860803504335,0.012801169270976815,0.0013747584441996985,0.012521043405243184,0.00234192037470726,0.00234192037470726,0.00234192037470726,0.2336002723817905,0.0,1.6653810922802645,0.5247853199848702,0.44345000717355665,0.6507657168841345,0.38782667767231727,0.0,0.047898370615851976,0.005700134590894774,0.007311656940702891,0.003203534935100801,0.0,90.55297045108142,9.7636956676277,15.19103165143962,3.968749032536261,0.032540465643566434,1.0,0.7038160421201299,0.34416388150715915,0.8932806324110671,0.38902633861322866
signf_corr_before_Glut_Week_6_2022_09_29_10_15_00_Fluo9062_CS2A1S1_stack_CTL_ts,0.5667392053958977,0.513410391245643,0.0043005862494265076,0.3306456164726609,0.0,0.18902439024390244,0.06163091165972637,0.056282190195193614,0.039634146341463415,0.0617250046546267,4.8904538341158055e-06,0.037455985915492956,0.0002624502988266451,0.0010856882489434366,1.9561815336463222e-05,0.005816622502101105,0.009567686996006715,0.007603298092738459,0.0006669592107671723,0.007570017827580109,0.0015625,0.0015625,0.003125,0.33603081695316567,0.0,1.67847544763043,0.7980422930503978,0.26392314143250795,0.8624554568974416,0.6186664463110501,0.0,0.07439622058369023,0.003887289909782624,0.007916013988474108,0.001319656006397143,0.0,119.28893687851325,36.89006619710863,34.825025006983445,22.182212266040516,0.0,0.9523809523809523,0.43047857516751087,0.25933467915627145,0.3903112933781141,0.7267275533273746
signf_corr_before_Glut_Week_6_2022_09_28_14_27_09_Fluo5439_CS4A1S1_stack_CTL_ts,0.379569015305939,0.299989093519484,0.004015590400525417,0.1381356086461273,0.0,0.14246947082767977,0.02014474316465041,0.026550011302611892,0.009497964721845319,0.020172113739602385,4.556784368406903e-06,0.012011683595120596,0.0006752703762997539,0.0010520192618222045,0.00025973670899919344,0.005805053742762903,0.010599266546827753,0.007747299379072924,0.0007885733773421713,0.007668936940742235,0.0015082956259426848,0.0015082956259426848,0.0015082956259426848,0.2535468069491858,0.0,1.7844200997825381,0.637622394106552,0.4160415951865768,0.7566823071651747,0.4848400732902426,0.0,0.03377652645675553,0.004065017026621265,0.004905992850878732,0.002536667413193413,0.0,96.6462600536685,12.124102559279494,17.5430157338439,4.97852051453763,0.023838468342461755,1.0,0.6043226095335801,0.3483983730359297,0.6546659140998763,0.44612560930056677
signf_corr_before_Glut_Week_6_2022_08_25_13_20_30_Fluo9001_CS1A1S1_stack_CTL_ts,0.2567934151572519,0.5725727485823455,0.006445784163234461,0.4634601503935037,0.0,0.32087227414330216,0.15595733737056122,0.10975610534836942,0.18691588785046728,0.15644470404984423,0.0,0.09867556364371652,0.000344665492151733,0.001843591674519724,2.0220402386007482e-05,0.010901913606683656,0.019567565811648195,0.015306594804360054,0.001875358440783602,0.0158584364402898,0.0031746031746031746,0.0031746031746031746,0.0031746031746031746,0.440318711986439,0.0,1.3481072569737023,0.8729920803032477,0.2902478119470556,0.9851619382703348,0.4969693038732721,0.0,0.12089701064284405,0.005651893175549592,0.01514751988638707,0.000997130705520848,0.0,93.1255879406058,44.61512812586152,32.38601231868889,52.7920975827018,0.16042407059857045,1.0,0.45724468045243805,0.19800990582576217,0.4245206038351693,0.7682343623618226
signf_corr_before_Glut_Test2_Week_2_2022_09_08_13_56_30_Fluo5439_CS2A1S1_stack_CTL_ts,0.12569611344857493,0.24279822727544015,0.0024520181147388636,0.1320092427420471,0.0,0.20181634712411706,0.017234830935533834,0.0261828226370724,0.008072653884964682,0.017252239855670735,2.657609533376918e-06,0.007249958807052233,0.00040854429410152037,0.0006467022610220986,0.000162114181535992,0.003668407031152215,0.006533342948821701,0.004628568797086461,0.00046919862372317005,0.004432504887413936,0.001152073732718894,0.001152073732718894,0.002304147465437788,0.2521933249830332,0.0,1.7526644831868168,0.6955459056663834,0.49030617161309437,0.9026384090629351,0.41801643267285044,0.0,0.030446630492979694,0.002834469458340019,0.0036696401691186215,0.001650191390236301,0.0,146.92996863918438,11.606949463154695,18.654493932649398,4.907756996422304,0.021832112269115675,1.0,0.713636560801763,0.31682969559031565,0.8253119429590018,0.3768004241176458
signf_corr_before_Glut_Week_6_2022_08_26_16_11_43_Fluo9001_CS4A1S1_stack_CTL_ts,-0.317012499468301,0.6283646058048675,0.005955722103430397,0.5341304055697931,0.0,0.38461538461538464,0.14143489365294906,0.1159430529137704,0.1220159151193634,0.1418110502850048,0.0,0.19171243916561037,0.00026855665559661967,0.0027337648568281207,1.5648717587593696e-05,0.009068800037503846,0.01567729620422182,0.011599003888164228,0.000986318788437123,0.011803324157334861,0.002793296089385475,0.002793296089385475,0.00558659217877095,0.4177299253694491,0.0,1.496396040973443,0.857919945441467,0.34630041314358695,1.0072857153727754,0.49422500950245984,0.0,0.2645642526673591,0.0047732105207910795,0.02328455916418467,0.0,0.0,127.4922867632044,48.86323169529947,40.22880448706975,41.55237234575489,0.15728526047290425,1.0,0.4525363893904079,0.15225769123239852,0.48717948717948717,0.6858541716514602
signf_corr_before_Glut_Week_6_2022_09_28_17_15_24_Fluo9062_CS1A1S1_stack_CTL_ts,0.030928289931587704,0.3751216423245287,0.005462215235025775,0.2299919930146427,0.0,0.392018779342723,0.05459675108554299,0.07075947777815536,0.023474178403755867,0.05472521402927368,1.4648795136600015e-05,0.011719036109280013,0.0005567636670122978,0.0010501877231092434,0.00017578554163920018,0.008009431432743151,0.013807287053619137,0.010363515190449464,0.0012561309080300934,0.010489975193655979,0.002702702702702703,0.002702702702702703,0.002702702702702703,0.3190616509516488,0.0,1.6949491798800103,0.6704294060405178,0.4219800728203365,0.8553398390987142,0.3444547166024717,0.0,0.09219983504182867,0.004774711084361137,0.008201886873320217,0.002187168610816543,0.0,149.1038188729671,19.48291853972711,26.87405331115804,7.185064891629619,0.07102407133947901,1.0,0.7506800005950772,0.2812654084945863,0.875,0.5383402566111268
signf_corr_before_Glut_Week_6_2022_08_25_16_02_49_Fluo9001_CS2A1S1_stack_CTL_ts,0.07636306728050253,0.6741233176799533,0.004322936810351232,0.5688560863691065,0.0,0.38910505836575876,0.21502975063967658,0.12604286325415265,0.26653696498054474,0.21544891194696641,0.0,0.08316361167684996,9.71634782924322e-05,0.0011883154735562664,8.279105194310599e-06,0.005954240721154562,0.010375192461287494,0.008187083782317908,0.0006685293189894664,0.008315637475596455,0.0020325203252032522,0.0020325203252032522,0.0040650406504065045,0.4518258103823548,0.0,1.2744296886619508,0.891186079515816,0.2900967727894003,0.9845575362165974,0.4970159740384864,0.0,0.17556839436385552,0.0035914927294249874,0.014137609245079967,0.00018704019285922108,0.0,187.63620551271845,102.17967577050906,61.01734872030814,125.41745670672655,0.2332657200811359,1.0,0.48975401213486375,0.20713002701024458,0.4304345556105016,0.8077469464794353
signf_corr_before_Glut_Test2_Week_2_2022_09_09_12_00_47_Fluo5439_CS3A1S1_stack_CTL_ts,0.3801700412444317,0.28395978550375783,0.0031295340358736675,0.1353570212896067,0.0,0.14285714285714285,0.01973355856720544,0.02459340909110647,0.01053864168618267,0.019756692867987622,3.0445570930568877e-06,0.009757805483247325,0.0005068516682281927,0.0007469826409678982,0.00021311899651398213,0.004973283231735602,0.008362102271357742,0.006017668546203859,0.000560228645226836,0.005926062351619449,0.0012330456226880395,0.0012330456226880395,0.0012330456226880395,0.2824239200555904,0.0,1.6823925108233513,0.6761927360059611,0.40402884416224744,0.8219416628160585,0.47224945939290136,0.0,0.02101970120099498,0.003270437638523349,0.0034637170184333133,0.002301271192906957,0.0,103.69673401058836,12.984911477170485,17.460818292493943,6.386432658214948,0.02158782729738162,1.0,0.6362118800871196,0.3521995006362439,0.7595744680851064,0.42156392697838513
signf_corr_before_Glut_Week_6_2022_09_29_13_14_23_Fluo9062_CS3A1S1_stack_CTL_ts,-0.13873190230939011,0.36477881818764696,0.005770991959425453,0.2004742651751275,0.0,0.3048780487804878,0.042367638310529455,0.04729867860017704,0.025609756097560978,0.0424712266682569,1.4491493493319421e-05,0.020201141929687274,0.0008031608108214025,0.0012494799912441872,0.00036228733733298553,0.007398003863874882,0.0127271136778258,0.010141317366340722,0.000889943907459059,0.009936827864222477,0.002688172043010753,0.002688172043010753,0.002688172043010753,0.3316897108896402,0.0,1.7305811088530143,0.71584934363374,0.37303701676674755,0.8379090120105483,0.4835636208747536,0.0,0.13370729219785824,0.005027177425229769,0.009192785234116424,0.002185473883587091,0.0,114.26777893504843,14.167683108580347,17.126904794945478,8.158464635384945,0.05160420832971046,1.0,0.6100502997361209,0.33344000026336806,0.5274725274725275,0.3801905606027033
signf_corr_before_Glut_Test2_Week_2_2022_09_09_15_14_47_Fluo5439_CS4A1S1_stack_CTL_ts,0.322536702748248,0.28413060971787846,0.002441559405441666,0.14288465474387976,0.0,0.15524193548387097,0.019996666883454733,0.02509308431826676,0.011088709677419355,0.020016845154780118,2.227776812407826e-06,0.006275647280552845,0.0003504830227917291,0.0005102803129532581,0.0001470332696189165,0.003674399654971383,0.006433016123579202,0.00465453700235259,0.00041074703671633244,0.004561287057400146,0.0010548523206751054,0.0010548523206751054,0.0010548523206751054,0.29780347112858163,0.0,1.6821038778505764,0.7274207264353263,0.38347484774480356,0.8650711999261174,0.4414444461272094,0.0,0.01638421989101,0.0025881632782746534,0.0026925979842451924,0.0017993842801681508,0.0,126.4945320109494,14.768764535907755,19.912599968316876,7.29039312863099,0.021919096057280596,1.0,0.6411156516877926,0.34705950096790844,0.7673211102622868,0.40433352954310187
signf_corr_before_Glut_Test2_Week_2_2022_09_08_11_02_00_Fluo5439_CS1A1S1_stack_CTL_ts,0.24782447538483626,0.25649974560992544,0.0022077409165036175,0.13358898355109797,0.0,0.18526785714285715,0.027224170918367346,0.03220709513071855,0.015625,0.02725458898643256,2.6332697837558855e-06,0.008676623937475642,0.00028777112578064597,0.0004367439142196497,0.00012113041005277074,0.003707637837769235,0.006873796006818041,0.004640852283216984,0.000400193328381223,0.004488586813483644,0.0011467889908256881,0.0011467889908256881,0.0022935779816513763,0.33766038986741964,0.0,1.7820021861546973,0.8079559400780306,0.3940172870375572,0.9628041161559353,0.3992211441604673,0.0,0.01672803093286881,0.0024645831267578583,0.002485729966078042,0.001752510656267733,0.0,124.06525237901289,16.620870902733937,21.085462949041595,8.98862062863125,0.028514024787997392,1.0,0.6334977732061984,0.3478384872923213,0.7008361420793363,0.39465861211713454
signf_corr_before_Glut_Test2_Week_2_2022_08_03_14_01_11_Fluo9001_CS1A1S1_stack_CTL_ts,0.44711329756121787,0.3510016065927217,0.004048951426680265,0.17762300934119218,0.0,0.12393887945670629,0.03755898316907884,0.026155363411438443,0.03225806451612903,0.03762285899079496,6.0177161563643366e-06,0.008220200269593685,0.00048748858157987346,0.0007409065767291421,0.00021062006547275177,0.0059323280017958445,0.009322671330923906,0.007292083588461271,0.0005834108883265171,0.007375299429333578,0.0017331022530329288,0.0017331022530329288,0.0034662045060658577,0.3421429781380686,0.0,1.4496737352580806,0.816524124733413,0.2560972893831151,0.8547865457573581,0.5906150150630773,0.0,0.02309782608695652,0.0037843271460745657,0.003967473543567124,0.0027717391304347824,0.0,59.636387339593895,17.885510958060483,13.345570925614641,14.932197156636732,0.03920542075871365,1.0,0.4416742114548388,0.37963119231008463,0.2676565771939844,0.46836461772005494
signf_corr_before_Glut_Week_6_2022_08_26_12_27_05_Fluo9001_CS3A1S1_stack_CTL_ts,0.21246040430304353,0.3091612083758359,0.011786511414820686,0.1588566670056025,0.0,0.14909090909090908,0.033719008264462814,0.03680168908320774,0.01818181818181818,0.0338420703384207,3.457814661134163e-05,0.07040110650069156,0.003045329252621563,0.005644060150837884,0.0011065006915629322,0.019160880638026123,0.03564944181531624,0.024643813610232115,0.0027746498168707777,0.024607652469221475,0.004149377593360996,0.004149377593360996,0.004149377593360996,0.24748487721087728,0.0,1.6014529068414998,0.5861796491212645,0.46101827527022216,0.7446884630673377,0.5311489302334764,0.0,0.09215481171548118,0.011985451136304448,0.01739689212262784,0.00495118549511855,0.0,35.29865538410331,7.494199578673079,8.688866130169426,3.3065166957998686,0.0,0.5064935064935064,0.2975170360608536,0.15518887080063196,0.3333333333333333,0.4803702651130689
signf_corr_before_Glut_Week_6_2022_09_27_10_45_55_Fluo5439_CS1A1S1_stack_CTL_ts,0.2417845162455186,0.2690675569030994,0.0036868053540435363,0.12128932201343395,0.0,0.15755208333333334,0.018313937717013888,0.023388599423267507,0.009114583333333334,0.018337815080399826,4.029658284977434e-06,0.014103803997421019,0.0006798234523990134,0.0009698522057057686,0.00031431334622823986,0.005281359183291579,0.009537813741802072,0.006933638414408819,0.0006116776267764633,0.006850473641478866,0.0014184397163120568,0.0014184397163120568,0.0028368794326241137,0.2629353953142362,0.0,1.7059942838398217,0.6171772492696603,0.4135090033676568,0.7616758863925757,0.47867069741039026,0.0,0.03046198111987586,0.003792728134833398,0.004319099698017141,0.002275151946204578,0.0,105.86497344342668,11.093990180092993,15.418201758161489,5.011081821306993,0.020866172152681193,1.0,0.63910166734523,0.3582944660106159,0.7815384615384615,0.3779041663666938
signf_corr_before_Glut_Test2_Week_2_2022_08_05_14_40_47_Fluo9001_CS3A1S1_stack_CTL_ts,0.39091987155617763,0.363608059223631,0.007238315255876904,0.19357312119289147,0.0,0.1310344827586207,0.03281807372175981,0.02907149924363591,0.022988505747126436,0.03289369140314635,1.1529238147943183e-05,0.051916159380188155,0.0012679078086597383,0.0027467310248341535,0.0004265818114738978,0.009975463365734035,0.01684042286826974,0.012941402326831598,0.0014075881806970998,0.012795271261345545,0.002398081534772182,0.002398081534772182,0.002398081534772182,0.2809398996280294,0.0,1.6067483571107768,0.6935720333825263,0.33870828654033114,0.7932294583536025,0.6318439552505285,0.0,0.07063253012048193,0.007070645615111246,0.009655992897839258,0.0036839666357738644,0.0,51.45089998838435,12.100100341049648,11.430681320692766,7.869869688009374,0.035120461486257214,1.0,0.32266081945243386,0.23381150414545973,0.31021482578500126,0.5409907242944543
signf_corr_before_Glut_Test2_Week_2_2022_09_08_15_09_18_Fluo9062_CS1A1S1_stack_CTL_ts,0.111802523638057,0.3557521095992126,0.0039164328522891855,0.17145814317156668,0.0,0.1942675159235669,0.03266866810012577,0.03738032202413146,0.020700636942675158,0.032720771239041435,6.298577781137019e-06,0.013132534673670685,0.0004651617056173064,0.0007136123707308289,0.00022045022233979568,0.005873310976970669,0.01021049983502509,0.0077438321604444416,0.0008914584248604393,0.007519054923897027,0.0017730496453900709,0.0017730496453900709,0.0017730496453900709,0.30574219519009777,0.0,1.8409506657019046,0.7321660852614221,0.3926479586254679,0.8380110683294536,0.4303215060203027,0.0,0.02580229199193441,0.0035509633170381725,0.004218617750676187,0.001950026232119492,0.0,111.65407334664583,16.95523187966834,21.13504690481405,9.35428998774497,0.040005464888094,1.0,0.5391698150901404,0.3159290600337908,0.5416666666666666,0.3815810173485475
signf_corr_before_Glut_Week_6_2022_09_30_12_02_50_Fluo9062_CS4A1S1_stack_CTL_ts,-0.1269143412230724,0.33479089662985617,0.0076099400724561235,0.1843927648168949,0.0,0.38870431893687707,0.048984006799041954,0.05660237590129134,0.03322259136212625,0.049147286821705424,2.6737253014625278e-05,0.021015480869495468,0.0012323234857223007,0.001713031621210213,0.0006416940723510066,0.010079149437775143,0.019178099268956254,0.013537049870527916,0.001255801677871261,0.01327061909697713,0.0036496350364963502,0.0036496350364963502,0.0072992700729927005,0.34766368718018137,0.0,1.7928404427363887,0.6396921360421316,0.3878300391981916,0.7737999633850255,0.3956365950396606,0.0,0.09631544925662572,0.006376933142712447,0.010839091743359432,0.002720318896789485,0.0,109.61037172274513,12.329565702783897,15.516708193492976,7.951818091612871,0.05932996443945349,1.0,0.7408583035339626,0.333939174141327,1.0,0.34317373018440633
